Experiment,Description,Features,Train R²,Test R²,Test MAE,R² Drop,R² Drop %
FULL MODEL,All features: temporal + weather + pollution + events + historical,57,0.99982129346261,0.9416800572057795,0.07141819940639817,0.0,0.0
NO WEATHER,"All features EXCEPT weather (temp, humidity, precip, wind)",53,0.9998197745928106,0.9449919604820171,0.06664001524984582,-0.0033119032762375378,-0.35170154139876914
NO POLLUTION,"All features EXCEPT pollution (AQI, PM2.5, PM10, NO2, O3, CO)",51,0.9998044461833274,0.94594390465228,0.06801451463757709,-0.004263847446500435,-0.45279152020617586
NO EVENTS,All features EXCEPT events/holidays,55,0.9998144787191363,0.9430858558545945,0.07023991766818936,-0.0014057986488149599,-0.14928622923016402
NO TEMPORAL,"All features EXCEPT temporal (hour, day_of_week, etc.)",52,0.9998452408440202,0.942529272600092,0.06550463690319461,-0.0008492153943124858,-0.09018088339179005
ONLY HISTORICAL,"Only historical lag features (no weather, pollution, events, or temporal)",40,0.9998471814134703,0.9544883200278956,0.05786106948202711,-0.012808262822116112,-1.3601501618417733
NO EXTERNAL DATA,"Only historical + temporal (NO weather, pollution, or events)",45,0.9998202351552475,0.9501361937601904,0.06408401761954174,-0.008456136554410909,-0.8979840328680808
