,model,MAE,RMSE,R²,MAPE
Last Value,Last Value (Naive),0.44285714285714295,0.8651365475669218,-0.603948539507467,84.36867382396139
MA_168h,Moving Avg (168h),0.46148844954648527,0.6977511638834714,-0.0001412739347482687,74.72870049694987
Hourly Mean,Hourly Mean (Average),0.4672456130114241,0.6878133597275689,0.021363113984214067,65.30024678660877
Historical Mean,Historical Mean (Average),0.5097111535562435,0.7105144831039324,-0.03425856125613586,69.43634473014613
