Group,R² Drop,R² Drop %,Num Features,Impact per Feature
Temporal,-0.0008492153943124858,-0.09018088339179005,5,-0.00016984307886249716
Events,-0.0014057986488149599,-0.14928622923016402,2,-0.0007028993244074799
Weather,-0.0033119032762375378,-0.35170154139876914,4,-0.0008279758190593844
Pollution,-0.004263847446500435,-0.45279152020617586,6,-0.0007106412410834059
