Features Removed,Num Features,MAE,R2,MAE_Delta,R2_Delta
None (Baseline),265,16.690370660815,-7.325631340691919,0.0,0.0
Dishes,21,3.783601974844649,0.22942725950372245,-12.90676868597035,7.5550586001956415
Order Complexity,260,3.7238017659906086,0.23157072385557287,-12.966568894824391,7.557202064547491
Temporal,252,3.684408913057756,0.22833176270017208,-13.005961747757244,7.553963103392091
Kitchen Load,262,3.5898901501191665,0.2673173866932418,-13.100480510695832,7.592948727385161
Dish Popularity,264,3.5989868092888373,0.26948722799459945,-13.091383851526162,7.595118568686518
