experiment,n_features,train_mae,train_rmse,train_r2,test_mae,test_rmse,test_r2,r2_drop,r2_drop_pct
FULL MODEL,27,2.1645450592041016,2.725607368606402,0.9035528898239136,2.5438129901885986,3.18537248406582,0.857761025428772,,
NO TIMESERIES,15,2.201921224594116,2.7769290061780088,0.8998866081237793,2.4577810764312744,3.1063370936136594,0.8647319078445435,-0.006970882415771484,-0.8126835108049967
NO TEMPORAL,13,2.545461416244507,3.2202460506566917,0.8653703927993774,2.791997194290161,3.5233185403369545,0.8259788751602173,0.03178215026855469,3.7052453219901937
NO PATTERNS,26,2.1645450592041016,2.725607368606402,0.9035528898239136,2.5438129901885986,3.18537248406582,0.857761025428772,0.0,0.0
ONLY TIME-SERIES,12,2.634444236755371,3.335294353300281,0.8555788397789001,2.8949735164642334,3.6993147808367546,0.808159351348877,0.04960167407989502,5.782691520065331
