Model,MAE_Train,MAE_Test,R2_Train,R2_Test,RMSE_Test,Overfit
XGBoost,3.1088627854116466,3.5861481353004265,0.48355414263369656,0.27188326900198256,5.236649744783868,0.4772853498887799
HistGradientBoosting,3.3365589978137873,3.6022837440802786,0.40305281056208075,0.27544384873236094,5.223830124830855,0.26572474626649134
LightGBM,3.3298782135001765,3.6100125894989197,0.39775411765848,0.25751591810807917,5.288062692366209,0.28013437599874313
GradientBoosting,3.0473894292060737,3.6624170142089434,0.5183985402908728,0.2382914619395805,5.3560846659010695,0.6150275850028697
RandomForest,3.2651215882922116,3.7079303762963853,0.41613875334159145,0.2367501542760443,5.3615009123970045,0.4428087880041738
